{
    "POINTS": [
        {
            "ID": 0,
            "TM": 0,
            "X": 394,
            "Y": 165
        },
        {
            "ID": 0,
            "TM": 54,
            "X": 396,
            "Y": 193
        },
        {
            "ID": 0,
            "TM": 93,
            "X": 396,
            "Y": 200
        },
        {
            "ID": 0,
            "TM": 131,
            "X": 401,
            "Y": 312
        },
        {
            "ID": 0,
            "TM": 175,
            "X": 405,
            "Y": 390
        },
        {
            "ID": 0,
            "TM": 225,
            "X": 411,
            "Y": 449
        },
        {
            "ID": 0,
            "TM": 260,
            "X": 411,
            "Y": 450
        },
        {
            "ID": 0,
            "TM": 297,
            "X": 414,
            "Y": 458
        },
        {
            "ID": 0,
            "TM": 337,
            "X": 419,
            "Y": 400
        },
        {
            "ID": 0,
            "TM": 375,
            "X": 419,
            "Y": 334
        },
        {
            "ID": 0,
            "TM": 404,
            "X": 420,
            "Y": 284
        },
        {
            "ID": 0,
            "TM": 421,
            "X": 420,
            "Y": 262
        },
        {
            "ID": 0,
            "TM": 449,
            "X": 422,
            "Y": 234
        },
        {
            "ID": 0,
            "TM": 479,
            "X": 426,
            "Y": 210
        },
        {
            "ID": 0,
            "TM": 504,
            "X": 426,
            "Y": 207
        },
        {
            "ID": 0,
            "TM": 530,
            "X": 426,
            "Y": 206
        },
        {
            "ID": 0,
            "TM": 554,
            "X": 427,
            "Y": 211
        },
        {
            "ID": 0,
            "TM": 584,
            "X": 427,
            "Y": 233
        },
        {
            "ID": 0,
            "TM": 608,
            "X": 426,
            "Y": 264
        },
        {
            "ID": 0,
            "TM": 635,
            "X": 424,
            "Y": 323
        },
        {
            "ID": 0,
            "TM": 660,
            "X": 424,
            "Y": 353
        },
        {
            "ID": 0,
            "TM": 677,
            "X": 424,
            "Y": 381
        },
        {
            "ID": 0,
            "TM": 694,
            "X": 425,
            "Y": 397
        },
        {
            "ID": 0,
            "TM": 711,
            "X": 427,
            "Y": 416
        },
        {
            "ID": 0,
            "TM": 729,
            "X": 427,
            "Y": 426
        },
        {
            "ID": 0,
            "TM": 753,
            "X": 428,
            "Y": 428
        },
        {
            "ID": 0,
            "TM": 783,
            "X": 428,
            "Y": 422
        },
        {
            "ID": 0,
            "TM": 808,
            "X": 427,
            "Y": 401
        },
        {
            "ID": 0,
            "TM": 834,
            "X": 426,
            "Y": 357
        },
        {
            "ID": 0,
            "TM": 859,
            "X": 423,
            "Y": 318
        },
        {
            "ID": 0,
            "TM": 887,
            "X": 422,
            "Y": 280
        },
        {
            "ID": 0,
            "TM": 916,
            "X": 422,
            "Y": 240
        },
        {
            "ID": 0,
            "TM": 941,
            "X": 423,
            "Y": 206
        },
        {
            "ID": 0,
            "TM": 970,
            "X": 424,
            "Y": 185
        },
        {
            "ID": 0,
            "TM": 997,
            "X": 426,
            "Y": 162
        },
        {
            "ID": 0,
            "TM": 1019,
            "X": 426,
            "Y": 157
        },
        {
            "ID": 0,
            "TM": 1043,
            "X": 428,
            "Y": 153
        },
        {
            "ID": 0,
            "TM": 1073,
            "X": 428,
            "Y": 152
        },
        {
            "ID": 0,
            "TM": 1101,
            "X": 430,
            "Y": 173
        },
        {
            "ID": 0,
            "TM": 1129,
            "X": 429,
            "Y": 213
        },
        {
            "ID": 0,
            "TM": 1159,
            "X": 427,
            "Y": 267
        },
        {
            "ID": 0,
            "TM": 1185,
            "X": 427,
            "Y": 307
        },
        {
            "ID": 0,
            "TM": 1211,
            "X": 427,
            "Y": 347
        },
        {
            "ID": 0,
            "TM": 1239,
            "X": 427,
            "Y": 383
        },
        {
            "ID": 0,
            "TM": 1264,
            "X": 428,
            "Y": 407
        },
        {
            "ID": 0,
            "TM": 1283,
            "X": 428,
            "Y": 421
        },
        {
            "ID": 0,
            "TM": 1312,
            "X": 428,
            "Y": 428
        },
        {
            "ID": 0,
            "TM": 1335,
            "X": 428,
            "Y": 430
        },
        {
            "ID": 0,
            "TM": 1365,
            "X": 427,
            "Y": 423
        },
        {
            "ID": 0,
            "TM": 1383,
            "X": 427,
            "Y": 414
        },
        {
            "ID": 0,
            "TM": 1402,
            "X": 426,
            "Y": 389
        },
        {
            "ID": 0,
            "TM": 1428,
            "X": 426,
            "Y": 342
        },
        {
            "ID": 0,
            "TM": 1453,
            "X": 427,
            "Y": 303
        },
        {
            "ID": 0,
            "TM": 1478,
            "X": 428,
            "Y": 263
        },
        {
            "ID": 0,
            "TM": 1502,
            "X": 429,
            "Y": 222
        },
        {
            "ID": 0,
            "TM": 1529,
            "X": 431,
            "Y": 189
        },
        {
            "ID": 0,
            "TM": 1555,
            "X": 432,
            "Y": 182
        },
        {
            "ID": 0,
            "TM": 1579,
            "X": -1,
            "Y": -1
        },
        {
            "ID": 0,
            "TM": 1756,
            "X": 434,
            "Y": 403
        },
        {
            "ID": 0,
            "TM": 1889,
            "X": -1,
            "Y": -1
        },
        {
            "ID": 0,
            "TM": 2279,
            "X": 429,
            "Y": 440
        },
        {
            "ID": 0,
            "TM": 2422,
            "X": -1,
            "Y": -1
        },
        {
            "ID": 0,
            "TM": 2819,
            "X": 423,
            "Y": 410
        },
        {
            "ID": 0,
            "TM": 2952,
            "X": -1,
            "Y": -1
        }
    ]
}
