{
    "POINTS": [
        {
            "ID": 0,
            "TM": 0,
            "X": 308,
            "Y": 109
        },
        {
            "ID": 0,
            "TM": 44,
            "X": 306,
            "Y": 115
        },
        {
            "ID": 0,
            "TM": 82,
            "X": 306,
            "Y": 130
        },
        {
            "ID": 0,
            "TM": 127,
            "X": 305,
            "Y": 163
        },
        {
            "ID": 0,
            "TM": 177,
            "X": 302,
            "Y": 230
        },
        {
            "ID": 0,
            "TM": 216,
            "X": 302,
            "Y": 277
        },
        {
            "ID": 0,
            "TM": 260,
            "X": 301,
            "Y": 329
        },
        {
            "ID": 0,
            "TM": 292,
            "X": 300,
            "Y": 361
        },
        {
            "ID": 0,
            "TM": 321,
            "X": 300,
            "Y": 363
        },
        {
            "ID": 0,
            "TM": 354,
            "X": 300,
            "Y": 365
        },
        {
            "ID": 0,
            "TM": 384,
            "X": 298,
            "Y": 356
        },
        {
            "ID": 0,
            "TM": 418,
            "X": 297,
            "Y": 320
        },
        {
            "ID": 0,
            "TM": 450,
            "X": 297,
            "Y": 271
        },
        {
            "ID": 0,
            "TM": 484,
            "X": 297,
            "Y": 227
        },
        {
            "ID": 0,
            "TM": 517,
            "X": 297,
            "Y": 191
        },
        {
            "ID": 0,
            "TM": 548,
            "X": 297,
            "Y": 170
        },
        {
            "ID": 0,
            "TM": 577,
            "X": 298,
            "Y": 157
        },
        {
            "ID": 0,
            "TM": 615,
            "X": 298,
            "Y": 154
        },
        {
            "ID": 0,
            "TM": 646,
            "X": 298,
            "Y": 153
        },
        {
            "ID": 0,
            "TM": 680,
            "X": 298,
            "Y": 186
        },
        {
            "ID": 0,
            "TM": 703,
            "X": 296,
            "Y": 222
        },
        {
            "ID": 0,
            "TM": 727,
            "X": 293,
            "Y": 252
        },
        {
            "ID": 0,
            "TM": 749,
            "X": 291,
            "Y": 302
        },
        {
            "ID": 0,
            "TM": 777,
            "X": 289,
            "Y": 335
        },
        {
            "ID": 0,
            "TM": 802,
            "X": 290,
            "Y": 363
        },
        {
            "ID": 0,
            "TM": 822,
            "X": 290,
            "Y": 377
        },
        {
            "ID": 0,
            "TM": 844,
            "X": 291,
            "Y": 378
        },
        {
            "ID": 0,
            "TM": 867,
            "X": 291,
            "Y": 379
        },
        {
            "ID": 0,
            "TM": 889,
            "X": 291,
            "Y": 380
        },
        {
            "ID": 0,
            "TM": 912,
            "X": 291,
            "Y": 363
        },
        {
            "ID": 0,
            "TM": 934,
            "X": 290,
            "Y": 339
        },
        {
            "ID": 0,
            "TM": 954,
            "X": 288,
            "Y": 323
        },
        {
            "ID": 0,
            "TM": 976,
            "X": 286,
            "Y": 289
        },
        {
            "ID": 0,
            "TM": 996,
            "X": 284,
            "Y": 265
        },
        {
            "ID": 0,
            "TM": 1019,
            "X": 283,
            "Y": 234
        },
        {
            "ID": 0,
            "TM": 1044,
            "X": 282,
            "Y": 212
        },
        {
            "ID": 0,
            "TM": 1063,
            "X": 281,
            "Y": 186
        },
        {
            "ID": 0,
            "TM": 1085,
            "X": 280,
            "Y": 171
        },
        {
            "ID": 0,
            "TM": 1107,
            "X": 279,
            "Y": 151
        },
        {
            "ID": 0,
            "TM": 1130,
            "X": 278,
            "Y": 138
        },
        {
            "ID": 0,
            "TM": 1152,
            "X": 278,
            "Y": 135
        },
        {
            "ID": 0,
            "TM": 1178,
            "X": 277,
            "Y": 130
        },
        {
            "ID": 0,
            "TM": 1196,
            "X": 277,
            "Y": 129
        },
        {
            "ID": 0,
            "TM": 1227,
            "X": 277,
            "Y": 135
        },
        {
            "ID": 0,
            "TM": 1248,
            "X": 276,
            "Y": 151
        },
        {
            "ID": 0,
            "TM": 1272,
            "X": 274,
            "Y": 173
        },
        {
            "ID": 0,
            "TM": 1292,
            "X": 274,
            "Y": 213
        },
        {
            "ID": 0,
            "TM": 1312,
            "X": 275,
            "Y": 237
        },
        {
            "ID": 0,
            "TM": 1335,
            "X": 277,
            "Y": 271
        },
        {
            "ID": 0,
            "TM": 1358,
            "X": 278,
            "Y": 296
        },
        {
            "ID": 0,
            "TM": 1375,
            "X": 279,
            "Y": 311
        },
        {
            "ID": 0,
            "TM": 1397,
            "X": 281,
            "Y": 340
        },
        {
            "ID": 0,
            "TM": 1415,
            "X": 281,
            "Y": 353
        },
        {
            "ID": 0,
            "TM": 1433,
            "X": 282,
            "Y": 361
        },
        {
            "ID": 0,
            "TM": 1456,
            "X": 284,
            "Y": 386
        },
        {
            "ID": 0,
            "TM": 1479,
            "X": 285,
            "Y": 394
        },
        {
            "ID": 0,
            "TM": 1500,
            "X": 288,
            "Y": 399
        },
        {
            "ID": 0,
            "TM": 1522,
            "X": 295,
            "Y": 401
        },
        {
            "ID": 0,
            "TM": 1543,
            "X": 303,
            "Y": 393
        },
        {
            "ID": 0,
            "TM": 1565,
            "X": 303,
            "Y": 392
        },
        {
            "ID": 0,
            "TM": 1578,
            "X": -1,
            "Y": -1
        },
        {
            "ID": 0,
            "TM": 1972,
            "X": 759,
            "Y": 238
        },
        {
            "ID": 0,
            "TM": 2114,
            "X": -1,
            "Y": -1
        },
        {
            "ID": 0,
            "TM": 2520,
            "X": 751,
            "Y": 270
        },
        {
            "ID": 0,
            "TM": 2645,
            "X": -1,
            "Y": -1
        },
        {
            "ID": 0,
            "TM": 3094,
            "X": 738,
            "Y": 274
        },
        {
            "ID": 0,
            "TM": 3217,
            "X": -1,
            "Y": -1
        }
    ]
}
